# Hexadecimal Words (generated from /usr/share/dict/words)
# Words that can be spelled using only a-f and 0-9 with substitutions
# Minimum length: 4 characters
# Generated on Mon Jun  2 21:15:06 EDT 2025

fancy_words=(
"aalii" "abac" "abaca" "abacate" "abacist" "abadite" "abaff" "abaft" "abaissed" "abas" "abase" "abased" "abasgi" "abasia" "abasic" "abatable" "abate" "abatis" "abatised" "abba" "abbadide" "abbas" "abbasi" "abbassi" "abbasside" "abbatial" "abbatical" "abbess" "abbie" "abbot" "abdal" "abdat" "abdest" "abdicable" "abdicate" "abdiel" "abed" "abel" "abele" "abelia" "abelicea" "abelite" "abelite" "abet" "abettal" "abidal" "abide" "abidi" "abie" "abies" "abietate" "abietic" "abigail" "abigail" "abigeat" "abilao" "abilla" "abilo" "abiological" "abiosis" "abiotic" "abitibi" "ablactate" "ablate" "able" "ablegate" "ablest" "abode" "aboil" "abolla" "abscess" "abscessed" "abscise" "absciss" "abscissa" "abscissae" "abscisse" "absi" "absit" "acacia" "acadia" "acadialite" "acadie" "acatalectic" "acatallactic" "acatastasia" "acatastatic" "acate" "acca" "accede" "access" "accessible" "accessless" "accidia" "accidie" "accite" "accoast" "accoil" "accolade" "accoladed" "accolated" "accolle" "accost" "accostable" "accosted" "acedia" "acediast" "aceologic" "acestes" "acetacetic" "acetal" "acetate" "acetated" "acetic" "acetoacetate" "acetoacetic" "acetol" "acetose" "acid" "acidic" "acidifiable" "acidific" "acidite" "acidoid" "acidosis" "acidotic" "aciliate" "aciliated" "acis" "aclastic" "acle" "acocotl" "acoela" "acold" "acologic" "acta" "actable" "actaea" "actaeaceae" "actiad" "actless" "acts" "adad" "adad" "adage" "adagial" "adagietto" "adagio" "adai" "adat" "adati" "adda" "adda" "addable" "addebted" "added" "addible" "addict" "addicted" "addie" "addle" "adead" "adela" "adelaide" "adelea" "adeleidae" "adelges" "adelia" "adelite" "adet" "adfected" "adiabatic" "adiabolist" "adiate" "adib" "adicea" "adiel" "adigei" "adit" "adital" "adlai" "adless" "adlet" "adobe" "adolesce" "adossed" "aeacides" "aecial" "aecidiaceae" "aecidial" "aecidiostage" "aeciostage" "aedes" "aedile" "aedilic" "aefald" "aegialitis" "aegis" "aegle" "aeolia" "aeolic" "aeolid" "aeolidae" "aeolididae" "aeolis" "aeolist" "aeolistic" "aestii" "aetobatidae" "aface" "afetal" "affa" "affable" "affaite" "affect" "affectable" "affectate" "affected" "affectible" "affiliable" "affiliate" "afflict" "afflicted" "afield" "afifi" "aflat" "afloat" "afoot" "aftaba" "aftosa" "agacella" "agaces" "agade" "agag" "agal" "agalactia" "agalactic" "agalite" "agao" "agate" "agatoid" "agdistis" "aged" "agee" "agelast" "ageless" "aggie" "agialid" "agib" "agiel" "agile" "agio" "agiotage" "agist" "agita" "agitable" "agitate" "agla" "aglaia" "aglaos" "agleaf" "aglet" "aglossa" "aglossal" "aglossate" "aglossia" "agog" "agoge" "agogic" "agogics" "aias" "aidable" "aide" "aides" "aidless" "aiel" "aiglet" "aile" "ailette" "ailie" "aillt" "aisle" "aisled" "aisleless" "aitesis" "alabastos" "alactaga" "alada" "alaite" "alala" "alala" "alalite" "alas" "alate" "alated" "alba" "albata" "albe" "albedo" "albee" "albeit" "albetad" "albi" "albite" "albitic" "albitite" "albolite" "alca" "alcaaba" "alcae" "alcaic" "alcaide" "alcalde" "alcaldia" "alcedo" "alces" "alcidae" "alclad" "alco" "alcoate" "alcogel" "alcosol" "alcotate" "aldol" "aldose" "aldoside" "alea" "alec" "alecost" "alee" "alef" "aleft" "alette" "alfa" "alfalfa" "alfet" "alga" "algae" "algaecide" "algaeological" "algaeologist" "algal" "algalia" "algate" "algedi" "algedo" "algesia" "algesic" "algesis" "algetic" "algic" "algic" "algid" "algieba" "algific" "algist" "algoid" "algol" "algological" "algologist" "algosis" "alias" "alibi" "alible" "alice" "alicia" "alictisal" "alida" "alidade" "alids" "alif" "aliso" "alist" "alit" "alite" "allactite" "allagite" "alle" "allegate" "allege" "allegeable" "allele" "allelic" "allgood" "alliable" "alliaceae" "allice" "allie" "allied" "allies" "allies" "alligate" "allocable" "allocatable" "allocate" "allocatee" "alloclase" "alloclasite" "alloeosis" "alloeotic" "allose" "allot" "allotee" "allottable" "allottee" "allseed" "aloadae" "alocasia" "alod" "alodial" "alodialist" "aloe" "aloed" "aloesol" "aloetic" "aloetical" "aloft" "alogia" "alogical" "aloid" "alois" "aloisiite" "aloof" "aloose" "alosa" "alose" "alsatia" "also" "altaic" "altaid" "altaite" "altica" "alto" "aoife" "aotea" "aotes" "asaddle" "asafetida" "asale" "asbest" "asbestic" "asbestoid" "asbestoidal" "asbestos" "asbestosis" "asbolite" "ascalabota" "ascella" "ascetic" "ascetical" "ascetta" "asci" "ascidia" "ascidiacea" "ascidiae" "ascidiate" "ascidioid" "ascidioida" "ascidioidea" "ascii" "ascites" "ascitic" "ascitical" "ascot" "ascot" "asdic" "aselgeia" "asellate" "aselli" "asellidae" "asfetida" "asialia" "asiatic" "asiatical" "aside" "asilid" "asilidae" "asitia" "asocial" "assagai" "assai" "assail" "assailable" "assate" "assbaa" "asse" "assegai" "asself" "assess" "assessable" "assessed" "assessee" "asset" "assets" "assi" "assibilate" "assilag" "assis" "assise" "assist" "assistless" "associable" "associate" "associated" "assoil" "asta" "astacidae" "astasia" "astatic" "asteatosis" "astelic" "astilbe" "astilbe" "astite" "atabal" "atabeg" "atactic" "ataigal" "ateba" "atef" "atelectasis" "atelectatic" "ateleological" "ateles" "atelestite" "atelets" "ateliosis" "atelo" "ateloglossia" "ates" "atfalati" "atilt" "atis" "atlas" "atlas" "atlatl" "atle" "atlee" "atloid" "atocia" "atoll" "atossa" "atta" "atta" "attacco" "attacolite" "attalea" "attalid" "attest" "attestable" "attic" "attic" "attical" "atticist" "attid" "attidae" "baal" "baal" "baalist" "baalite" "baalitical" "baba" "babacoote" "babai" "babasco" "babbie" "babbitt" "babbitt" "babbittess" "babble" "babe" "babel" "babelet" "babelic" "babesia" "babesiasis" "babi" "babied" "babist" "babite" "baboo" "baboot" "babs" "bacaba" "bacalao" "bacao" "bacca" "baccae" "baccate" "baccated" "bacillaceae" "bacilli" "bacillicidal" "bacillicide" "bacillicidic" "bacillite" "bacillosis" "bacis" "badaga" "bade" "badge" "badgeless" "badiaga" "baff" "baffeta" "baffle" "baft" "bafta" "baga" "bagasse" "bagatelle" "bagdad" "bagdi" "bagel" "baggage" "baggala" "bagged" "baggie" "baggit" "bago" "bagobo" "bail" "bailable" "bailage" "bailee" "bailie" "bailiff" "bailliage" "baioc" "baiocco" "bais" "bait" "baittle" "bala" "balafo" "balai" "balaic" "balao" "balao" "balas" "balata" "balboa" "bald" "baldicoot" "baldie" "bale" "balei" "baleise" "baleless" "balete" "bali" "bali" "balibago" "balilla" "balistes" "balistid" "balistidae" "balita" "ball" "ballad" "ballade" "balladic" "balladical" "balladist" "ballast" "ballastage" "ballata" "ballate" "balled" "ballet" "balletic" "balli" "ballist" "ballista" "ballistae" "ballistic" "ballistics" "ballistite" "ballot" "ballota" "ballotade" "ballotage" "ballotist" "balolo" "baloo" "balsa" "balt" "baltei" "balti" "baltic" "baltis" "baobab" "basal" "basale" "basalia" "basalt" "basaltes" "basaltic" "basaltoid" "base" "baseball" "based" "baseless" "basella" "basellaceae" "bases" "basial" "basiate" "basic" "basidia" "basidial" "basidigital" "basidigitale" "basifacial" "basil" "basil" "basilic" "basilica" "basilica" "basilicae" "basilical" "basilicate" "basilics" "basilissa" "basis" "basoga" "basoid" "basos" "basote" "bass" "bassa" "bassalia" "basset" "bassetite" "bassetta" "bassia" "bassie" "bassist" "basso" "bast" "bast" "basta" "baste" "bastide" "bastille" "bastite" "basto" "batad" "batata" "batatas" "batatilla" "bate" "batea" "bated" "batel" "batetela" "batidaceae" "batis" "batiste" "batoid" "batoidei" "bats" "batt" "batta" "batta" "battalia" "battel" "battle" "battled" "battlefield" "battlestead" "battological" "battologist" "bdellid" "bdellidae" "bdelloid" "bdelloida" "bead" "beaded" "beadle" "beadlet" "beagle" "beagle" "beal" "beala" "beast" "beastie" "beat" "beata" "beata" "beatable" "beatae" "beatee" "beatific" "beatifical" "beatificate" "bebait" "beballed" "bebaste" "bebat" "bebeast" "bebed" "bebelted" "bebite" "bebled" "bebless" "beblood" "bebog" "beboss" "becall" "beccafico" "beclad" "beclog" "becoiffed" "becost" "bedabble" "bedad" "bedcase" "bedded" "bedead" "bedeaf" "bedebt" "bedel" "bedfast" "bedfoot" "bedless" "bedlids" "bedog" "bedolt" "bedot" "bedote" "bedside" "bedsite" "bedstaff" "bedstead" "beedged" "beef" "beefless" "beelol" "bees" "beest" "beet" "beetle" "beetled" "befall" "befiddle" "befile" "befilleted" "befist" "befit" "beflag" "beflea" "befog" "befool" "begabled" "begad" "begall" "begat" "beget" "begettal" "beggable" "beggiatoa" "beggiatoaceae" "begift" "begiggle" "begild" "beglad" "beglic" "beglide" "beglobed" "bego" "begob" "begobs" "begoggled" "beice" "beid" "beige" "beisa" "bela" "belaced" "beladle" "belage" "belait" "belaites" "belate" "belated" "belatticed" "beld" "beleaf" "belee" "belga" "belgae" "belgic" "belial" "belialic" "belialist" "belibel" "belie" "belief" "beliefless" "belili" "belis" "belite" "belittle" "bell" "bella" "bellabella" "bellacoola" "bellbottle" "belle" "belled" "bellicose" "bellied" "bellis" "bellite" "bellote" "belltail" "beloeilite" "beloid" "belt" "belted" "beltie" "beltis" "beode" "besa" "besaiel" "bescab" "besee" "beset" "beside" "besides" "besiege" "besieged" "besit" "beslab" "besoil" "besoot" "besot" "besotted" "bess" "bessi" "bessie" "best" "bestab" "bestead" "bestial" "bestialist" "bestill" "beta" "beta" "betafite" "betag" "betail" "betassel" "beteela" "betel" "betide" "betis" "betise" "betitle" "betoil" "betoss" "betsileos" "betso" "betta" "betted" "biabo" "biacid" "bialate" "bias" "bibasic" "bibb" "bibble" "bibelot" "bibi" "bibio" "bible" "bibless" "biblic" "biblical" "biblicist" "biblicistic" "biblicolegal" "biblioclast" "bibliological" "bibliologist" "bibliotic" "bibliotics" "bibliotist" "biblist" "bice" "bice" "biciliate" "biciliated" "bicolligate" "bicostate" "biddable" "bide" "bidet" "bidigitate" "bield" "bielid" "bietle" "bifacial" "biff" "bifid" "bifidate" "bifidated" "biflabellate" "biflagellate" "biflected" "bifocal" "bifoil" "bifold" "bifolia" "bifoliate" "bifoliolate" "biga" "bigg" "biggest" "biglot" "bigot" "bigoted" "bilabe" "bilabial" "bilabiate" "bilalo" "bilati" "bilbie" "bilbo" "bile" "bilge" "biliate" "bilic" "bilio" "bill" "bill" "billa" "billable" "billbeetle" "billed" "billet" "billfold" "billie" "billot" "bilo" "bilobated" "bilobe" "bilobed" "bilobiate" "bilocellate" "bilsted" "bioblast" "bioblastic" "biocellate" "biod" "bioecologic" "bioecological" "bioecologist" "biologese" "biologic" "biological" "biologist" "bios" "biose" "biosis" "biosocial" "biosociological" "biostatic" "biostatical" "biostatics" "biostatistics" "biota" "biota" "biotic" "biotical" "biotics" "biotite" "biotitic" "bisabol" "bisaccate" "bisalt" "bisaltae" "bisbeeite" "bisect" "bisetose" "bisiliac" "bisilicate" "bistate" "bisti" "bitable" "bite" "biti" "bitis" "bitless" "bito" "bitt" "bitted" "bittie" "blab" "blad" "blade" "bladed" "bladelet" "blae" "blaff" "blas" "blase" "blasia" "blast" "blasted" "blastid" "blastie" "blastocoele" "blastocolla" "blastoid" "blastoidea" "blat" "blate" "blatta" "blatta" "blatti" "blattid" "blattidae" "blattodea" "blattoid" "blattoidea" "bleat" "bleb" "bled" "blee" "bleed" "bleo" "bless" "blessed" "blest" "blet" "bletia" "bletilla" "blibe" "bliss" "blissless" "blite" "bloat" "bloated" "blob" "blobbed" "bloc" "blodite" "blood" "bloodbeat" "blooded" "bloodied" "bloodleaf" "bloodless" "blot" "blotless" "blotto" "boast" "boastless" "boat" "boatable" "boatage" "boatbill" "boatfalls" "boatie" "boatless" "boatload" "boatside" "boattail" "boba" "bobac" "bobadil" "bobbed" "bobbie" "bobble" "bobcat" "bobcoat" "bobo" "bobotie" "bobsled" "bobtail" "bobtailed" "bocaccio" "bocal" "bocca" "boccale" "bocce" "boce" "bode" "bodega" "bodge" "bodice" "bodiced" "bodied" "bodiless" "bodle" "bodo" "boeotic" "boga" "boggle" "bogglebo" "bogie" "bogle" "boglet" "bogo" "bogo" "bogota" "boid" "boidae" "boii" "boil" "boilable" "boiled" "bois" "boist" "bola" "bolag" "bold" "boldo" "bole" "boled" "boleite" "bolelia" "boletaceae" "bolete" "bolide" "bolis" "boll" "bolled" "bolo" "bolo" "bolt" "boltage" "boltel" "bolti" "boltless" "boob" "booboisie" "bood" "boodie" "boodle" "boof" "bool" "boose" "boost" "boot" "booted" "bootee" "bootes" "bootid" "bootied" "bootlace" "bootleg" "bootless" "boots" "bosc" "boscage" "bose" "boss" "bossage" "bossed" "bosselated" "bosset" "bosslet" "bota" "bote" "botella" "bott" "bottle" "bottled" "caba" "cabal" "cabala" "cabaletta" "cabalic" "cabalist" "cabalistic" "cabalistical" "cabas" "cabasset" "cabbage" "cabble" "cabda" "cabio" "cable" "cabled" "cableless" "cablet" "cabob" "cabocle" "caboodle" "caboose" "cabot" "cabotage" "caca" "cacalia" "cacao" "caccabis" "cacogalactia" "cacoglossia" "cactaceae" "cactales" "cacti" "cactoid" "cadbait" "cadbit" "cadbote" "caddice" "caddiced" "caddie" "caddie" "caddis" "caddised" "caddle" "caddo" "cade" "cadelle" "cadet" "cadet" "cadette" "cadge" "cadi" "cados" "caeca" "caecal" "caecilia" "caeciliae" "caeciliidae" "caecitis" "caecocolic" "caffa" "caffeate" "caffeic" "caffeol" "caffiso" "caffle" "cage" "caged" "cageless" "cagit" "caid" "caite" "caitiff" "calaba" "calaboose" "calade" "calais" "calas" "calced" "calceolate" "calcic" "calciclase" "calcicole" "calcicosis" "calcific" "calcified" "calciobiotite" "calcite" "calcitic" "caleb" "calf" "calfless" "calicate" "calices" "calicle" "calico" "calicoed" "calid" "caliga" "caligated" "caligo" "caliological" "caliologist" "calista" "calite" "call" "calla" "callable" "callet" "calli" "callid" "callisteia" "callo" "callosal" "callose" "calool" "calotte" "caoba" "caodaist" "casaba" "casabe" "casal" "casasia" "casate" "cascabel" "cascade" "cascadia" "cascadite" "cascado" "cascalote" "casco" "cascol" "case" "case" "casease" "caseate" "cased" "caseic" "casel" "caseless" "caseose" "cass" "casse" "cassia" "cassia" "cassiaceae" "cassida" "cassidid" "cassididae" "cassie" "cassie" "cassis" "cassis" "cassolette" "cast" "castable" "castalia" "castalides" "castalio" "caste" "casteless" "castelet" "castellate" "castellated" "castice" "castigable" "castigate" "castilla" "castilloa" "castle" "castled" "castlet" "castoff" "catabases" "catabasis" "catabatic" "catabiotic" "catabolic" "catabolite" "cataclastic" "catafalco" "catalase" "catalecta" "catalectic" "catallactic" "catallactics" "catalogia" "catalogic" "catalogical" "catalogist" "catalogistic" "catasta" "catastaltic" "catastasis" "catastate" "catastatic" "catboat" "catcall" "cate" "catella" "catesbaea" "catface" "catfaced" "catfall" "catfoot" "catfooted" "catocala" "catocalid" "cattail" "cattalo" "catti" "cattle" "cattlegate" "cattleless" "cease" "ceaseless" "cebell" "cebid" "cebidae" "cebil" "ceboid" "cebollite" "cecidiologist" "cecidologist" "cecil" "cecile" "cecilia" "cecilite" "cecils" "cede" "cedilla" "ceiba" "ceibo" "ceil" "ceile" "celesta" "celeste" "celeste" "celestial" "celestite" "celia" "celiac" "celialgia" "celibate" "celibatic" "celibatist" "celiectasia" "celiitis" "celiocele" "celite" "cell" "cella" "cellae" "cellated" "celled" "cellist" "cellite" "cello" "cellobiose" "celloid" "celloist" "cellose" "celosia" "celsia" "celt" "celt" "celtic" "celticist" "celtidaceae" "celtis" "celtist" "celtologist" "cess" "cest" "cestida" "cestidae" "cestoda" "cestode" "cestoid" "cestoidea" "cetacea" "cete" "ceti" "cetic" "ceticide" "cetid" "cetological" "cetologist" "cetotolite" "cibol" "cibola" "cicad" "cicada" "cicadellidae" "cicadid" "cicadidae" "cicala" "cigala" "cilia" "ciliata" "ciliate" "ciliated" "cilice" "ciliella" "cilioflagellata" "cilioflagellate" "ciliolate" "cillosis" "cisco" "cise" "cisele" "cissoid" "cissoidal" "cist" "cista" "cistaceae" "cistae" "cisted" "cistic" "citable" "citadel" "cite" "citee" "citess" "citied" "citified" "citole" "clad" "cladode" "cladodial" "cladose" "clag" "class" "classable" "classed" "classes" "classic" "classical" "classicalist" "classicist" "classicistic" "classifiable" "classific" "classified" "classis" "clastic" "clat" "clead" "cleaded" "cleat" "cled" "cledge" "clee" "clef" "cleft" "clefted" "cleg" "cleidocostal" "cleoid" "clidastes" "cliff" "cliff" "cliffed" "cliffless" "clifflet" "cliffside" "clift" "clio" "clit" "clite" "clitella" "clites" "clitia" "cloaca" "cloacal" "cloacitis" "clod" "clodlet" "cloff" "clog" "clogdogdo" "cloit" "cloof" "cloot" "clootie" "closable" "close" "closed" "closefisted" "closestool" "closet" "clot" "clote" "clottage" "coabode" "coact" "coaged" "coagitate" "coaid" "coaita" "coal" "coalbag" "coalesce" "coalite" "coalless" "coassist" "coast" "coastal" "coastside" "coat" "coated" "coatee" "coati" "coatie" "coatless" "coattail" "coattailed" "coattest" "cobaea" "cobalt" "cobaltic" "cobaltite" "cobbed" "cobble" "cobcab" "cobego" "cobelief" "cobia" "cobitidae" "cobitis" "coble" "cobless" "cobloaf" "cobola" "coca" "coccaceae" "coccagee" "coccal" "cocci" "coccid" "coccidae" "coccidia" "coccidial" "coccidiidea" "coccidioidal" "coccidioides" "coccidiosis" "cocco" "coccoid" "coccolite" "coccoloba" "coccolobis" "coccosteid" "coccosteidae" "cocle" "coco" "cocoa" "cocobolo" "cocos" "cocotte" "coctile" "coda" "coddle" "code" "codeless" "codiaceae" "codiales" "codical" "codices" "codicil" "codicilic" "codilla" "codille" "codist" "codo" "codol" "coecal" "coed" "coeffect" "coelata" "coelect" "coelia" "coeliac" "coelialgia" "coelicolae" "coelicolist" "coeloblastic" "coelostat" "coestate" "cofeoffee" "coff" "coffea" "coffee" "coffeeleaf" "coffle" "coft" "cogged" "coggie" "coggle" "cogitable" "cogitate" "coif" "coifed" "coil" "coiled" "coital" "cola" "cola" "colada" "colalgia" "colate" "cold" "cole" "cole" "colegatee" "coleseed" "colessee" "coletit" "coli" "colias" "colibacillosis" "colic" "colical" "colicolitis" "coliidae" "colitic" "colitis" "coll" "colla" "collage" "collatable" "collate" "collatee" "collect" "collectable" "collected" "collectible" "college" "collegial" "collegiate" "collet" "colletes" "colletia" "colletic" "colletidae" "colletside" "collide" "collie" "collied" "colligate" "colligible" "colloblast" "collocal" "collocalia" "collocate" "colloid" "colloidal" "colocasia" "colocola" "colocolic" "cololite" "coloss" "colossal" "colossi" "colt" "colt" "coltsfoot" "cooba" "coodle" "cooee" "coof" "cool" "coolie" "coos" "coost" "coot" "cootfoot" "cootie" "cosalite" "coscet" "coseat" "cosec" "coset" "coss" "cossas" "cosse" "cosset" "cossette" "cossid" "cossidae" "cost" "costa" "costaea" "costal" "costalgia" "costata" "costate" "costated" "costellate" "costless" "costocolic" "cote" "cotidal" "cotillage" "cotise" "coto" "cotset" "cotsetla" "cotsetle" "cotta" "cottage" "cottaged" "cotte" "cotted" "cottid" "cottidae" "cottoid" "dabb" "dabba" "dabble" "dabitis" "dablet" "daboia" "dace" "dacelo" "dacite" "dacitic" "dacoit" "dacoitage" "dada" "dada" "dadaist" "daddle" "dade" "dado" "daedal" "daedal" "daedalea" "daedalic" "daedalidae" "daedalist" "daedaloid" "daff" "daffle" "daffodil" "dafla" "daft" "dagaba" "dagassa" "dagga" "daggle" "daggletail" "daggletailed" "dago" "dagoba" "dags" "daidle" "dail" "dais" "daisied" "dale" "dale" "dalea" "dali" "dalle" "dalles" "dalt" "dasi" "dassie" "data" "datable" "date" "dateless" "datil" "datisca" "datiscaceae" "datiscoside" "datisi" "datolite" "datolitic" "dead" "deadbeat" "deadfall" "deaf" "deal" "dealable" "dealate" "dealated" "dealbate" "dealt" "deasil" "debacle" "debadge" "debase" "debatable" "debate" "debbie" "debeige" "debellate" "debi" "debile" "debilitate" "debilitated" "debit" "debt" "debtee" "debtless" "decad" "decadal" "decade" "decadic" "decadist" "decafid" "decal" "decalobate" "decalogist" "decast" "decastellate" "decate" "decatoic" "decease" "deceased" "deceit" "decess" "decibel" "decidable" "decide" "decided" "decil" "decile" "declass" "decoat" "decoct" "decoctible" "decode" "decoic" "decollate" "decollated" "decolletage" "decollete" "decostate" "dedicate" "dedicatee" "dedo" "deed" "deedeed" "deedless" "deface" "defaceable" "defalcate" "defassa" "defat" "defease" "defeasible" "defeat" "defeatist" "defecate" "defect" "defectible" "defectless" "defiable" "defial" "deficit" "defilade" "defile" "defiled" "deflate" "deflect" "deflectable" "deflected" "defog" "defoliage" "defoliate" "defoliated" "deft" "degas" "degged" "deice" "deicidal" "deicide" "deictic" "deictical" "deific" "deifical" "deiseal" "deist" "deistic" "deistical" "delate" "dele" "delead" "delectable" "delectate" "delegable" "delegate" "delegatee" "delete" "delf" "delft" "delia" "delible" "delicate" "delicatesse" "delicioso" "delict" "deligated" "dell" "della" "delta" "delta" "deltaic" "deltal" "deltic" "deltidial" "deltoid" "deltoidal" "deota" "desalt" "descale" "deseed" "desi" "desiccate" "desilicate" "desist" "desolate" "dess" "dessa" "dessil" "detail" "detailed" "detailist" "detassel" "detect" "detectable" "detectible" "detest" "detestable" "diabase" "diabasic" "diabetes" "diabetic" "diabolic" "diabolical" "diabolist" "diabological" "diacetate" "diacetic" "diacid" "diaclase" "diaclasis" "diaclastic" "diacle" "diacoele" "diacoelia" "diact" "diaetetae" "dial" "dialect" "dialectal" "dialectic" "dialectical" "dialectics" "dialectological" "dialectologist" "dialist" "diallage" "diallagic" "diallagite" "diallagoid" "diallel" "dialogic" "dialogical" "dialogist" "dialogistic" "dialogistical" "dialogite" "diascia" "diastaltic" "diastase" "diastasic" "diastasis" "diastatic" "diastole" "diastolic" "dibase" "dibasic" "dibatag" "dibatis" "dibble" "dibs" "dicaeidae" "dicalcic" "dicast" "dicastic" "dicatalectic" "dice" "dicellate" "dicolic" "dicot" "dicta" "dictate" "dictic" "didactic" "didactical" "didactics" "didascaliae" "didascalic" "didascalos" "diddle" "dididae" "didie" "didle" "dido" "didst" "dieb" "diectasis" "diego" "diesel" "diesis" "diet" "dietal" "dietetic" "dietetics" "dietetist" "dietic" "dietics" "dietist" "difda" "difficile" "diffide" "digallate" "digallic" "digest" "digested" "digestible" "diggable" "digit" "digital" "digitalis" "digitate" "digitated" "digladiate" "diglossia" "diglot" "diglottic" "diglottist" "digs" "diiodide" "diiodo" "dilatable" "dilatate" "dilate" "dilated" "dildo" "dill" "dilli" "dillseed" "dilo" "diobol" "diocese" "diode" "diodia" "dioecia" "diol" "diose" "diota" "diotic" "disa" "disable" "disabled" "disaffect" "disaffected" "disaffiliate" "disagio" "disassociate" "disbelief" "disc" "discage" "discal" "discalceate" "discalced" "discase" "discastle" "discitis" "disclass" "disclose" "disclosed" "discoblastic" "discoglossid" "discoglossidae" "discoglossoid" "discoid" "discoidal" "discoidea" "discoideae" "disdiaclast" "disdiaclastic" "disease" "diseased" "disedge" "disfoliage" "disgig" "disgood" "disilicate" "disilicic" "disilicid" "disilicide" "disleaf" "disload" "dislocable" "dislocate" "dislocated" "dislodge" "dislodgeable" "disoblige" "disodic" "diss" "dissatisfied" "disseat" "dissect" "dissected" "dissectible" "dissociable" "dissocial" "dissociate" "distad" "distaff" "distal" "distale" "distaste" "distasted" "distill" "distillable" "distillage" "distillate" "distilled" "dita" "dital" "dite" "dittied" "ditto" "doab" "doable" "doat" "doated" "dobbed" "dobe" "dobla" "docetae" "docetic" "docetist" "docetistic" "docible" "docile" "docoglossa" "docoglossate" "dodd" "dodded" "doddie" "doddle" "dode" "dodecade" "dodecafid" "dodecatoic" "dodge" "dodlet" "dodo" "doeg" "doeglic" "does" "doest" "doff" "dogal" "dogate" "dogbite" "dogboat" "dogbolt" "doge" "dogeless" "dogface" "dogfall" "dogfoot" "dogged" "doggess" "doggo" "dogie" "dogless" "dogs" "dogtail" "dogtie" "doigt" "doiled" "doit" "doited" "dola" "dole" "doless" "doli" "dolia" "doliidae" "doliolidae" "doll" "dollface" "dolose" "dolt" "doob" "doocot" "doodab" "doodad" "doodia" "doodle" "dool" "doolee" "dooli" "doolie" "dosa" "dosage" "dose" "dosis" "doss" "dossal" "dossel" "dossil" "dotage" "dotal" "dotate" "dote" "doted" "dotless" "doto" "dotted" "dottle" "eagle" "eagless" "eaglet" "ease" "easel" "easeless" "easiest" "east" "eatable" "eatage" "eats" "eboe" "eboe" "ecad" "ecbatic" "ecblastesis" "ecbole" "ecbolic" "ecca" "ecclesia" "ecclesial" "ecclesiast" "ecclesiastes" "ecclesiastic" "ecclesiastical" "ecclesiastics" "ecclesioclastic" "ecclesiologic" "ecclesiological" "ecclesiologist" "ecesic" "ecesis" "eciliate" "eclat" "eclectic" "eclectical" "eclectics" "eclectist" "eclogite" "ecoid" "ecole" "ecologic" "ecological" "ecologist" "ecostate" "ecstasis" "ecstatic" "ecstatica" "ecstatical" "ectad" "ectal" "ectasia" "ectasis" "ectatic" "ectobatic" "ectoblast" "ectoblastic" "ectocoelic" "ectoglia" "ectosteal" "ectostosis" "edda" "eddaic" "eddic" "eddie" "eddo" "edea" "edeitis" "edge" "edged" "edgeless" "edible" "edict" "edictal" "edificable" "edifice" "edificial" "edit" "edital" "eelboat" "eelbob" "effable" "efface" "effaceable" "effect" "effectible" "effectless" "effects" "effete" "effie" "effigial" "effigiate" "efflate" "efoliolate" "efoliose" "eftest" "egad" "egba" "egbo" "egest" "egesta" "eggless" "egoist" "egoistic" "egoistical" "egol" "egotist" "egotistic" "egotistical" "eidetic" "eidolic" "eisegesis" "eisegetical" "eisodic" "eisteddfod" "eisteddfodic" "elaeis" "elaeoblast" "elaeoblastic" "elaeococca" "elaidate" "elaidic" "elastic" "elastica" "elastose" "elate" "elated" "eldest" "eleatic" "elect" "electable" "electee" "elegiac" "elegiacal" "elegiast" "elegist" "elegit" "eleoblast" "eleolite" "elfic" "elia" "elias" "eliasite" "elicit" "elicitable" "elicitate" "elide" "elidible" "eligible" "eliot" "elissa" "elite" "ella" "ellagate" "ellagic" "elle" "ellice" "elliot" "elliott" "elod" "elodea" "elodeaceae" "elodes" "eloge" "eloise" "elotillo" "elsa" "else" "eogaea" "eosate" "eoside" "esca" "escalade" "escalado" "escalate" "escoba" "escobilla" "escobita" "esocidae" "esodic" "essed" "essie" "estacade" "estadal" "estadio" "estado" "estafette" "estafetted" "estate" "estella" "estoc" "estoile" "etaballi" "etacist" "etiolate" "etiological" "etiologist" "etta" "ettle" "faba" "fabaceae" "fabella" "fabes" "fable" "fabled" "fableist" "facadal" "facade" "face" "faceable" "faced" "faceless" "facellite" "facet" "facete" "faceted" "facetiae" "facia" "facial" "facies" "facile" "facilitate" "fact" "factable" "factice" "facticide" "factitial" "fadable" "faddist" "faddle" "fade" "faded" "fadeless" "fadge" "faff" "faffle" "fagaceae" "fagald" "fagales" "fage" "fagelia" "fagot" "fagottist" "fail" "faille" "falbala" "falcade" "falcata" "falcate" "falcated" "falces" "falcial" "falco" "faldage" "faldfee" "faldstool" "falisci" "fall" "fallace" "fallage" "fallible" "false" "falsettist" "falsetto" "falsidical" "falsie" "falsifiable" "falsificate" "faltboat" "fasces" "fascet" "fascia" "fascial" "fasciate" "fasciated" "fascicle" "fascicled" "fascio" "fasciodesis" "fasciola" "fasciole" "fasciolet" "fascioliasis" "fasciolidae" "fascioloid" "fascis" "fascist" "fascista" "fascisti" "fass" "fassalite" "fast" "fastigate" "fastigated" "fastigiate" "fatagaga" "fatal" "fatalist" "fatalistic" "fate" "fated" "fatidic" "fatidical" "fatigable" "fatil" "fatless" "fatsia" "fattable" "feal" "feasible" "feast" "feastless" "feat" "fecal" "fecaloid" "feces" "fedia" "feeable" "feeble" "feed" "feedable" "feel" "feelable" "feeless" "feetage" "feetless" "fegatella" "feif" "feil" "feis" "feist" "felicide" "felicific" "felicitate" "felid" "felidae" "felis" "fell" "fellable" "fellage" "fellata" "fellatio" "fellic" "felloe" "fellside" "feloid" "fels" "felsite" "felsitic" "felt" "felted" "feod" "feodal" "feoff" "feoffee" "fess" "fest" "festal" "feste" "fetal" "feteless" "fetial" "fetiales" "feticidal" "feticide" "fetid" "fettle" "fiasco" "fiat" "fice" "ficelle" "fico" "ficoid" "ficoidaceae" "ficoideae" "ficoides" "fictile" "fidac" "fidalgo" "fidate" "fiddle" "fiddledeedee" "fiddlefaced" "fide" "fideist" "fidele" "fidelia" "fidelio" "fides" "fidessa" "fidfad" "fidge" "fidget" "fidia" "fido" "field" "fieldball" "fielded" "fiesta" "fife" "fife" "fifie" "fifo" "figged" "figgle" "figitidae" "figless" "filace" "filago" "filao" "filasse" "filate" "file" "filet" "filial" "filiate" "filibeg" "filical" "filicales" "filices" "filicic" "filicidal" "filicide" "filicite" "filicites" "filicologist" "filite" "fill" "fillable" "filled" "fillet" "filo" "filosa" "filose" "filoselle" "fils" "fiot" "fisc" "fiscal" "fise" "fissate" "fissicostate" "fissile" "fist" "fisted" "fistic" "fistical" "fittable" "fittage" "fitted" "flabellate" "flabellifoliate" "flaccid" "flaff" "flag" "flagboat" "flagellata" "flagellatae" "flagellate" "flagellated" "flagellist" "flagellosis" "flageolet" "flagfall" "flagitate" "flagleaf" "flagless" "flaglet" "flagstaff" "flail" "flat" "flatboat" "flated" "flatfoot" "flatlet" "flattie" "flea" "fleabite" "fleaseed" "flebile" "fled" "fledge" "fledgeless" "flee" "fleece" "fleeceable" "fleeced" "fleeceless" "fleet" "flet" "fleta" "flicflac" "flit" "flite" "flitfold" "float" "floatable" "floatage" "floatless" "flob" "floc" "floccose" "flodge" "floe" "flog" "floggable" "flood" "floodable" "floodage" "flooded" "floodgate" "floodless" "floodlet" "floss" "flossie" "flot" "flota" "flotage" "flotilla" "foal" "foalfoot" "focal" "focaloid" "foci" "focoids" "focsle" "fodda" "fodge" "fodgel" "foeless" "fogdog" "foggage" "fogged" "fogle" "fogless" "fogo" "foible" "foil" "foilable" "foist" "foist" "fold" "foldable" "foldage" "foldboat" "folded" "foldless" "fole" "folia" "foliage" "foliaged" "folial" "foliate" "foliated" "folie" "folio" "foliocellosis" "foliolate" "foliole" "foliolose" "foliose" "foliot" "folles" "folletage" "follicle" "follis" "food" "foodless" "fool" "fooless" "foot" "footage" "football" "footballist" "footed" "footeite" "footfall" "footgeld" "footle" "footless" "foots" "footscald" "footslog" "footstall" "footstool" "fosie" "fosite" "fossa" "fossage" "fosse" "fossed" "fossette" "fossil" "fossilage" "fossilated" "fossiled" "fossilist" "fossilogist" "fossilological" "fossilologist" "fostell" "gabble" "gabe" "gabelle" "gabelled" "gabgab" "gabi" "gable" "gablet" "gadaba" "gadbee" "gadded" "gaddi" "gaddi" "gade" "gadge" "gadget" "gadid" "gadidae" "gadoid" "gadoidea" "gadslid" "gael" "gaelic" "gaelicist" "gaet" "gaff" "gaffe" "gaffle" "gagate" "gage" "gageable" "gagee" "gageite" "gaggle" "gaia" "gaiassa" "gail" "gait" "gaited" "gala" "galacaceae" "galactase" "galactia" "galactic" "galactite" "galactocele" "galactoid" "galactose" "galactoside" "galactosis" "galactostasis" "galagala" "galago" "galatae" "galatea" "galatic" "gale" "gale" "galea" "galeage" "galeate" "galeated" "galee" "galega" "galei" "galeid" "galeidae" "galeodes" "galeodidae" "galeoid" "galet" "galga" "galgal" "gali" "galibi" "galictis" "galidia" "galidictis" "galilee" "galiot" "gall" "galla" "galla" "gallate" "galleass" "galled" "gallet" "galli" "gallic" "gallic" "gallicola" "gallicolae" "gallicole" "galloglass" "galoot" "galt" "gaol" "gasbag" "gasifiable" "gasless" "gaslit" "gast" "gastaldite" "gastaldo" "gata" "gate" "gateado" "gateage" "gated" "gateless" "geal" "gease" "geat" "geat" "geatas" "gebbie" "geelbec" "geese" "geest" "geet" "gegg" "geggee" "gelable" "gelada" "gelastic" "gelatose" "geld" "geldable" "gelid" "gelidiaceae" "gell" "gelose" "gelt" "geobiologic" "geobios" "geoblast" "geodaesia" "geodal" "geode" "geodesic" "geodesical" "geodesist" "geodete" "geodetic" "geodetical" "geodetics" "geodic" "geodist" "geoff" "geoglossaceae" "geoid" "geoidal" "geologic" "geological" "geologist" "geosid" "geoside" "geostatic" "geostatics" "geotactic" "geotic" "geotical" "geotilla" "gesso" "gest" "gestalt" "gestaltist" "gestate" "geste" "gested" "gestic" "gestical" "geta" "getae" "getic" "gettable" "gibbals" "gibbed" "gibbet" "gibbi" "gibblegabble" "gibbles" "gibbose" "gibbsite" "gibe" "gibel" "gibelite" "giblet" "giblets" "gibstaff" "giddea" "gidgee" "gied" "giffgaff" "gifola" "gift" "gifted" "giftie" "giftless" "giggit" "giggle" "gigi" "giglet" "gigliato" "giglot" "gigolo" "gigot" "gila" "gild" "gildable" "gilded" "gileadite" "giles" "gilia" "gilia" "gill" "gill" "gilled" "gilles" "gillie" "gillotage" "gilo" "gilse" "gilt" "gilttail" "gisla" "gist" "gittite" "glabella" "glabellae" "glace" "glaceed" "glaciable" "glacial" "glacialist" "glaciate" "glaciological" "glaciologist" "glacis" "glad" "glade" "gladiate" "gladii" "gladiola" "gladiole" "gladioli" "gladless" "glaga" "glagol" "glagolic" "glagolitic" "glagolitsa" "glass" "glasses" "glassie" "glassite" "glassless" "glassteel" "gleba" "glebal" "glebe" "glebeless" "glede" "gleditsia" "glee" "gleed" "gleet" "gleg" "glessite" "glia" "glial" "glib" "glide" "glideless" "gliff" "gliosa" "gliosis" "glis" "glissade" "glissette" "gloat" "global" "globate" "globated" "globe" "globed" "globelet" "globoid" "globose" "globosite" "gloea" "gloeal" "gloss" "glossa" "glossal" "glossalgia" "glossata" "glossate" "glossed" "glossic" "glossist" "glossitic" "glossitis" "glossless" "glossocele" "glossoid" "glossolabial" "glossolalia" "glossolalist" "glossological" "glossologist" "glost" "glottal" "glottalite" "glottic" "glottid" "glottis" "glottologic" "glottological" "glottologist" "goad" "goaf" "goal" "goala" "goalage" "goalee" "goalie" "goalless" "goasila" "goat" "goatee" "goateed" "goatsfoot" "gobbe" "gobbet" "gobble" "gobi" "gobia" "gobiesocid" "gobiesocidae" "gobiid" "gobiidae" "gobio" "gobioid" "gobioidea" "gobioidei" "goblet" "gobleted" "gobo" "godded" "goddess" "gode" "godet" "godetia" "godless" "godlet" "goel" "goes" "goetae" "goetia" "goetic" "goetical" "goff" "goffle" "gogga" "goggle" "goggled" "goglet" "gogo" "gogo" "goiabada" "goidel" "goidelic" "gola" "gold" "gold" "goldi" "goldic" "goldie" "goldless" "goldseed" "goldtail" "goldtit" "golee" "golf" "golgi" "goli" "goll" "golo" "goloe" "good" "goods" "goof" "googol" "gool" "gools" "goose" "goosebill" "goosefoot" "goosegog" "goslet" "gote" "gotiglacial" "gottlieb" "ibad" "ibadite" "ibices" "ibid" "ibididae" "ibilao" "ibis" "ibisbill" "ibota" "icaco" "iceboat" "iced" "icefall" "iceleaf" "iceless" "icelidae" "icica" "icicle" "icicled" "icosteid" "icosteidae" "ictic" "idaic" "idalia" "iddat" "iddio" "idea" "ideaed" "ideal" "idealess" "idealist" "idealistic" "idealistical" "idealless" "ideate" "ideist" "ideologic" "ideological" "ideologist" "ides" "idic" "idioblast" "idioblastic" "idioglossia" "idioglottic" "idiolalia" "idiostatic" "idiot" "idiotic" "idiotical" "idist" "idistic" "idite" "iditol" "idle" "idleset" "idoist" "idoistic" "idol" "idola" "idolist" "idolistic" "idoloclast" "idoloclastic" "idose" "idotea" "idoteidae" "igloo" "ileac" "ileitis" "ileocaecal" "ileocolic" "ileocolitis" "ilesite" "ilia" "iliac" "iliac" "iliad" "iliadic" "iliadist" "ilial" "ilicaceae" "ilicic" "iliocostal" "iliocostalis" "iliosciatic" "iliotibial" "illegal" "illegible" "illeist" "illess" "illicit" "illocal" "illogic" "illogical" "ilot" "iodate" "iodic" "iodide" "iodite" "iodo" "iodol" "iodoso" "iolite" "iota" "iotacist" "isaac" "isabel" "isabelita" "isabella" "isabelle" "isagoge" "isagogic" "isagogical" "isagogics" "isatate" "isatic" "isatide" "isatis" "isba" "isiac" "isiacal" "isidae" "isidioid" "isidiose" "isidoid" "isis" "isle" "isleless" "islet" "isleta" "isleted" "islot" "isobase" "isoclasite" "isocola" "isocolic" "isodiabatic" "isoetaceae" "isoetales" "isoetes" "isogloss" "isoglossal" "isolable" "isolate" "isolated" "isolde" "isooleic" "isoscele" "isosceles" "isoseist" "isostasist" "isostatic" "isostatical" "isotac" "isoteles" "issedoi" "issei" "issite" "istle" "itacist" "itacistic" "itala" "itali" "italic" "italical" "italici" "italics" "italiote" "italite" "itea" "iteaceae" "itoist" "itself" "labba" "labefact" "label" "labella" "labellate" "labelloid" "labia" "labial" "labiatae" "labiate" "labiated" "labiella" "labile" "labioglossal" "labiose" "labis" "lablab" "lacca" "laccaic" "laccase" "laccol" "laccolitic" "lace" "laced" "laceleaf" "laceless" "lacet" "lacis" "lactase" "lactate" "lacteal" "lactesce" "lactic" "lactid" "lactide" "lactific" "lactifical" "lacto" "lactobacilli" "lactocele" "lactoid" "lactol" "lactose" "lactoside" "laddess" "laddie" "lade" "ladies" "ladle" "laelia" "laet" "laeti" "laetic" "lafite" "lagetta" "lagetto" "lagged" "laglast" "laic" "laical" "laid" "laiose" "lall" "lalo" "lasa" "lasi" "lass" "lasset" "lassie" "lasso" "last" "lastage" "lata" "late" "lated" "latest" "latices" "laticostate" "latigo" "latitat" "latite" "lattice" "latticed" "lead" "lead" "leadable" "leadage" "leaded" "leadless" "leadoff" "leads" "leaf" "leafage" "leafed" "leafit" "leafless" "leaflet" "leal" "leasable" "lease" "leaseless" "least" "leat" "lebistes" "lecidea" "lecideaceae" "lecidioid" "leda" "lede" "ledge" "ledged" "ledgeless" "ledidae" "ledol" "leed" "leeftail" "lees" "leet" "left" "leftist" "legal" "legalese" "legalist" "legalistic" "legate" "legatee" "legato" "leges" "legged" "legible" "legific" "legislate" "legist" "legit" "legless" "leglet" "legoa" "leif" "leila" "lelia" "lesbia" "leslie" "less" "lessee" "lest" "lestobiosis" "lestobiotic" "lete" "letitia" "leto" "letoff" "lett" "lettable" "lettic" "lettice" "liable" "lias" "liassic" "libate" "libbet" "libel" "libelee" "libelist" "libellate" "libidibi" "libido" "licca" "lice" "licit" "lida" "lidded" "lide" "lidgate" "lidless" "lido" "liebigite" "lied" "lief" "liege" "liegeless" "life" "lifeblood" "lifeboat" "lifeless" "lifelet" "lifo" "lift" "liftable" "liftless" "ligable" "ligas" "ligate" "lila" "lilac" "lilactide" "lile" "liliaceae" "liliales" "lilied" "lill" "lilt" "lisa" "lise" "lisette" "lisle" "lisle" "liss" "lissoflagellata" "lissoflagellate" "list" "list" "listable" "listed" "listel" "listless" "litas" "lite" "litigable" "litigate" "litotes" "litsea" "little" "littleleaf" "load" "loadage" "loaded" "loadless" "loaf" "loaflet" "loasa" "loasaceae" "lobal" "lobale" "lobata" "lobatae" "lobate" "lobated" "lobe" "lobed" "lobefoot" "lobefooted" "lobeless" "lobelet" "lobelia" "lobeliaceae" "lobellated" "lobfig" "lobo" "lobola" "lobosa" "lobose" "lobtail" "loca" "locable" "local" "locale" "localist" "localistic" "locate" "locellate" "loci" "loco" "locofoco" "loddigesia" "lode" "lodge" "lodgeable" "lodged" "lodoicea" "loess" "loessal" "loessial" "loessic" "loessoid" "lofstelle" "loft" "loftless" "logaoedic" "loge" "loggat" "logged" "loggia" "logia" "logic" "logical" "logicalist" "logicist" "logicless" "logie" "logistic" "logistical" "logistics" "loglet" "logo" "logoi" "logos" "lois" "lola" "loligo" "loll" "lolo" "lood" "loof" "loofie" "loose" "loot" "lootable" "lootie" "losable" "lose" "losel" "loss" "lossless" "lost" "lota" "lota" "lotase" "lote" "lotic" "lots" "lotta" "lotte" "lottie" "lotto" "oadal" "oasal" "oases" "oasis" "oasitic" "oast" "oatseed" "obbligato" "obdeltoid" "obelia" "obeliac" "obelial" "obeliscal" "obese" "obit" "oblate" "oblectate" "obligable" "obligate" "oblige" "obliged" "obligee" "obligistic" "oboe" "oboist" "obol" "obole" "obolet" "obsede" "obsess" "obsolesce" "obsolete" "obstacle" "obtect" "obtected" "obtest" "ocellate" "ocellated" "ocelli" "oceloid" "ocelot" "ocote" "ocotea" "ocotillo" "octacolic" "octad" "octadic" "octet" "octic" "octoad" "octoate" "octobass" "octofid" "octofoil" "octofoiled" "octogild" "octoglot" "octoic" "octoid" "octose" "odacidae" "odacoid" "odal" "oddlegs" "odds" "odds" "odel" "odelet" "odic" "odist" "odso" "oecist" "offal" "offbeat" "offcast" "office" "officeless" "official" "officialese" "officiate" "offlet" "offsaddle" "offset" "oflete" "oftest" "ogallala" "ogdoad" "ogdoas" "ogee" "ogeed" "oglala" "ogle" "oidioid" "oilcoat" "oiled" "oilless" "oillet" "oilseed" "oiticica" "olacaceae" "olaf" "oldfieldia" "oldie" "olea" "oleaceae" "olease" "oleate" "oleg" "oleic" "oleo" "oleocellosis" "oleose" "olfact" "olfactible" "olga" "olid" "oligist" "oligistic" "oligistical" "oligoclase" "oligoclasite" "oligogalactia" "oligolactia" "oligosialia" "oligosite" "olio" "olla" "ollie" "olof" "ological" "ologist" "ologistic" "ooblast" "ooblastic" "oodles" "ooecial" "ooglea" "ooid" "ooidal" "oolite" "oolitic" "oologic" "oological" "oologist" "oostegite" "oostegitic" "ootid" "ootocoid" "ootocoidea" "osage" "oscella" "oscillate" "oscitate" "osela" "oside" "ossal" "osse" "osselet" "osset" "ossetic" "ossicle" "ossific" "ossified" "ostalgia" "osteal" "ostealgia" "osteitic" "osteitis" "osteoblast" "osteoblastic" "osteocele" "osteoclasia" "osteoclasis" "osteoclast" "osteoclastic" "osteocolla" "osteodiastasis" "osteoglossid" "osteoglossidae" "osteoglossoid" "osteoid" "osteolite" "osteologic" "osteological" "osteologist" "osteosis" "ostial" "ostiate" "ostic" "ostiolate" "ostiole" "ostitis" "ostosis" "otalgia" "otalgic" "otate" "otelcosis" "otello" "otic" "otidae" "otides" "otididae" "otiose" "otis" "otitic" "otitis" "otocleisis" "otolite" "otolitic" "otological" "otologist" "otosis" "otosteal" "otto" "otto" "saad" "saba" "sabadilla" "sabaist" "sabal" "sabalaceae" "sabalo" "sabbat" "sabbatia" "sabbatia" "sabbatic" "sabbatic" "sabbatical" "sabbatical" "sabbatist" "sabe" "sabeca" "sabella" "sabella" "sabelli" "sabellid" "sabellidae" "sabelloid" "sabia" "sabiaceae" "sable" "sabot" "sabotage" "saboted" "sacae" "sacalait" "saccade" "saccadic" "saccate" "saccated" "saccos" "saco" "saddle" "saddlebag" "saddled" "saddleleaf" "saddleless" "saddlestead" "sade" "sadic" "sadie" "sadist" "sadistic" "sadite" "sado" "safe" "safi" "saft" "saga" "sagaciate" "sagai" "sagaie" "sage" "sageleaf" "sagitta" "sagittal" "sagittate" "sagittid" "sagittoid" "sagless" "sago" "saic" "said" "saidi" "saiga" "saiid" "sail" "sailable" "sailage" "sailboat" "sailed" "sailless" "saite" "saitic" "salable" "salaceta" "salacot" "salad" "salago" "salal" "salat" "sale" "salele" "salic" "salic" "salicaceae" "salicales" "salifiable" "saligot" "salite" "salited" "salle" "sallee" "sallet" "salloo" "salol" "salol" "salse" "salsifis" "salsilla" "salsola" "salsolaceae" "salt" "salta" "saltate" "saltcat" "salted" "saltee" "saltfat" "saltfoot" "saltless" "sasa" "sass" "sassafac" "sassolite" "satable" "sate" "sateless" "satelles" "satellite" "satellited" "satellitic" "satellitoid" "satelloid" "satiable" "satiate" "satisfiable" "satisfice" "satisfied" "sattle" "sblood" "scab" "scabbed" "scabble" "scabid" "scabies" "scabietic" "scabiosa" "scad" "scaddle" "scads" "scaff" "scaffie" "scaffle" "scaffold" "scaffoldage" "scaglia" "scagliola" "scagliolist" "scala" "scalable" "scalage" "scald" "scalded" "scaldic" "scale" "scaled" "scaleless" "scalelet" "scales" "scaletail" "scall" "scalled" "scallola" "scalt" "scase" "scat" "scatologia" "scatologic" "scatological" "sceat" "scelalgia" "sciatic" "sciatica" "sciatical" "scibile" "scilicet" "scilla" "sciolist" "sciolistic" "sciot" "scissel" "scissible" "scissile" "sclaff" "sclate" "scliff" "scoad" "scob" "scobs" "scoff" "scog" "scolb" "scold" "scoldable" "scoleces" "scoleciasis" "scolecid" "scolecida" "scolecite" "scolecoid" "scolia" "scolia" "scolices" "scoliid" "scoliidae" "scoliosis" "scoliotic" "scolite" "scolog" "scoot" "scot" "scot" "scotale" "scote" "scotia" "scotia" "scotic" "scotist" "scotistic" "scotistical" "scotosis" "scots" "scott" "scottie" "seabee" "seacoast" "seadog" "seaflood" "seal" "sealable" "sealed" "sealess" "sealet" "sealette" "sealless" "seaside" "seat" "seated" "seatless" "seba" "sebacate" "sebacic" "sebait" "sebastodes" "sebate" "sebific" "sebilla" "secable" "secale" "secalose" "secede" "secessia" "secos" "sect" "sectile" "sectist" "sedaceae" "sedat" "sedate" "sedge" "sedged" "sedigitate" "sedigitated" "sedile" "sedilia" "seeable" "seed" "seedage" "seedbed" "seedcase" "seeded" "seedgall" "seedless" "seedlet" "seege" "seel" "seesee" "segged" "sego" "segol" "segolate" "seid" "seidel" "seidel" "seise" "seit" "selagite" "selago" "sele" "select" "selectable" "selected" "selectee" "self" "selfcide" "selfist" "selfless" "sell" "sella" "sellable" "sellaite" "sellate" "selli" "sellie" "selt" "seseli" "sesia" "sesiidae" "sess" "sessile" "sestet" "sesti" "sestiad" "sestole" "seta" "setae" "setal" "setbolt" "setfast" "setibo" "setoff" "setose" "sett" "settable" "settee" "settle" "settleable" "settled" "sfoot" "sgad" "sial" "sialagogic" "sialia" "sialic" "sialid" "sialidae" "sialis" "sialoid" "sialosis" "sibbed" "sibilate" "sicca" "siccate" "sice" "sicel" "siceliot" "sicilica" "sicsac" "sida" "sidalcea" "side" "sideage" "sided" "sideless" "sides" "sidesaddle" "sidi" "sidle" "siege" "siegeable" "siesta" "sifac" "sifatite" "sife" "siffilate" "siffle" "sifflet" "sifflot" "sift" "siftage" "sifted" "sigil" "sigillate" "sigillated" "sigillistic" "sigla" "siglos" "silage" "silas" "sile" "silesia" "silica" "silicate" "silicea" "silicic" "silicide" "silicle" "silico" "silicoacetic" "silicoflagellata" "silicoflagellatae" "silicoflagellate" "silicoflagellidae" "silicoidea" "silicosis" "silicotalcose" "silicotic" "sill" "sillago" "silo" "siloist" "silt" "siltage" "siol" "sisal" "sise" "sisel" "sisi" "siss" "sissoo" "sist" "sistle" "sita" "sitao" "site" "sitfast" "sitio" "sitta" "sittee" "sittidae" "slab" "slabbed" "slad" "slade" "slae" "slag" "slaggable" "slagless" "slait" "slat" "slate" "slatted" "sleb" "sled" "sledded" "sledge" "sledgeless" "slee" "sleet" "slete" "slice" "sliceable" "sliced" "slid" "slidable" "slidage" "slide" "slideable" "slided" "slit" "slite" "slitless" "slitted" "slob" "slod" "slodge" "sloe" "slog" "sloo" "slot" "slote" "sloted" "slotted" "sobeit" "soboles" "socage" "soce" "sociable" "social" "sociales" "socialist" "socialistic" "socialite" "societal" "societified" "societist" "societologist" "socii" "sociobiological" "sociolegal" "sociologic" "sociological" "sociologist" "sociologistic" "sociostatic" "socle" "soco" "soda" "sodaclase" "sodaic" "sodaless" "sodalist" "sodalite" "sodded" "soddite" "sodic" "sodio" "sodless" "sofa" "soffit" "sofia" "soft" "softa" "softball" "soga" "sogdoite" "soget" "soiesette" "soiesette" "soil" "soilage" "soiled" "soilless" "sola" "solace" "solate" "solatia" "sold" "soldado" "soldi" "soldo" "sole" "solea" "solea" "soleas" "solecist" "solecistic" "solecistical" "soleidae" "soleil" "soleless" "soles" "solfeggio" "soli" "solicit" "solicited" "solicitee" "solid" "solidago" "solidago" "solidate" "solidi" "solidifiable" "solidist" "solidistic" "solio" "solio" "solist" "solitidal" "solo" "solod" "solodi" "soloist" "solstice" "solstitia" "solstitial" "soodle" "sool" "sooloos" "soot" "soot" "sootless" "sosia" "soso" "soss" "sossle" "sotadic" "sotie" "sotol" "sots" "sottage" "sotted" "staab" "stab" "stabile" "stabilist" "stabilitate" "stable" "staccato" "stacte" "stadda" "staddle" "stade" "stadia" "stadic" "stafette" "staff" "staffed" "staffelite" "staffless" "stag" "stage" "stageable" "staged" "stagese" "staggie" "staia" "staid" "staio" "stalactic" "stalactical" "stalactital" "stalactite" "stalactited" "stalactitic" "stalactitical" "stale" "stall" "stallage" "stases" "stasis" "statable" "statal" "state" "state" "stated" "stateless" "statelet" "stateside" "static" "statical" "statice" "statics" "statist" "statistic" "statistical" "statistics" "statoblast" "stead" "steadfast" "steal" "stealable" "stealage" "stealed" "steatite" "steatitic" "steatocele" "steatosis" "steddle" "steed" "steedless" "steel" "steelless" "steg" "steid" "stela" "stelae" "stelai" "stele" "stell" "stella" "stella" "stellate" "stellated" "stellite" "stellite" "stet" "stib" "stibial" "stibiate" "stibiated" "stibic" "sticcado" "sticta" "stictaceae" "stictidaceae" "stictis" "stid" "stife" "stiff" "stiffleg" "stifftail" "stifle" "stilbaceae" "stilbella" "stilbite" "stile" "stilet" "stiletto" "still" "stillage" "stillicide" "stilt" "stilted" "stite" "stoa" "stoat" "stob" "stoccado" "stoccata" "stod" "stodge" "stof" "stoff" "stog" "stoga" "stogie" "stoic" "stoic" "stoical" "stola" "stolae" "stole" "stoled" "stolid" "stolist" "stood" "stooded" "stoof" "stooge" "stool" "stoolball" "stoot" "stoss" "stot" "taal" "tabacosis" "tabasco" "tabella" "tabes" "tabet" "tabetic" "tabetless" "tabic" "tabid" "tabific" "tabifical" "tabla" "table" "tabled" "tableless" "tables" "tablet" "tabloid" "tabloid" "tabog" "taboo" "tabooist" "taboot" "tacca" "taccaceae" "taccada" "tacit" "tacso" "tact" "tactable" "tactic" "tactical" "tactics" "tactile" "tactilist" "tactilogical" "tactite" "tactless" "tactosol" "tade" "tael" "taetsia" "taffeta" "taffle" "tafia" "taft" "tagabilis" "tagal" "tagala" "tagalo" "tagalog" "tagasaste" "tagatose" "tagetes" "tagetol" "tagged" "taggle" "tagilite" "taglet" "tagtail" "taiga" "taigle" "tail" "tailage" "tailed" "tailet" "tailge" "taille" "tailless" "taillie" "tailte" "taise" "taissle" "tait" "tait" "tala" "talalgia" "talao" "talbot" "talc" "talcoid" "talcose" "tald" "tale" "taled" "tales" "tali" "taliage" "talis" "talite" "talitol" "tall" "tallage" "tallageable" "talles" "tallet" "talliable" "talliage" "talliate" "tallis" "tallit" "talloel" "tallote" "talose" "talotibial" "taoist" "taoistic" "taos" "taotai" "tascal" "tasco" "taslet" "tass" "tass" "tassago" "tassal" "tasse" "tassel" "tasselet" "tasset" "tassie" "tassoo" "tastable" "taste" "tasteable" "tasted" "tasteless" "tatbeb" "tate" "tates" "tatie" "tatta" "tattied" "tattle" "tattletale" "tattoo" "tattooage" "tattooist" "tead" "teagle" "teal" "tealess" "teallite" "teasable" "tease" "teaseable" "teasel" "teat" "teated" "tebbet" "tebet" "teca" "teca" "tecali" "tecla" "teco" "tectal" "tectological" "tectosages" "teda" "tedge" "teedle" "teel" "teest" "teet" "teetotal" "teetotalist" "teff" "teiidae" "teil" "teioid" "tele" "telecast" "telecode" "telega" "telei" "teleia" "teleiosis" "teleologic" "teleological" "teleologist" "teleost" "teleostei" "telesia" "telesis" "telestial" "telestic" "teletactile" "teli" "telial" "telic" "telical" "teliostage" "tell" "tellable" "tellee" "tellt" "telltale" "teloblast" "teloblastic" "teloogoo" "telt" "teocalli" "tess" "tessel" "tessella" "tessellate" "tessellated" "test" "testa" "testable" "testacea" "testata" "testate" "teste" "tested" "testee" "testes" "testicle" "testificate" "testis" "tete" "tetel" "tettigidae" "tiao" "tibbie" "tibet" "tibia" "tibiad" "tibiae" "tibial" "tibiale" "tical" "ticca" "tice" "tidal" "tidbit" "tiddle" "tide" "tided" "tideless" "tidiable" "tidological" "tied" "tiff" "tiffie" "tiffle" "tift" "tige" "tigella" "tigellate" "tigelle" "tiglic" "tigtag" "tilaite" "tilasite" "tilda" "tilde" "tile" "tiled" "tileseed" "tilia" "tiliaceae" "till" "tillable" "tillaea" "tillage" "tilletia" "tilletiaceae" "tillite" "tillot" "tilsit" "tilt" "tiltable" "titbit" "tite" "titi" "tities" "titilate" "title" "titled" "titleless" "titlist" "titoist" "tittie" "tittle" "tittlebat" "tlaco" "toad" "toadeat" "toadess" "toadless" "toadlet" "toadstool" "toag" "toast" "toastable" "toastee" "toat" "toatoa" "toba" "tobacco" "tobaccofied" "tobaccoite" "tobaccoless" "tobe" "tobias" "tocalote" "toccata" "toco" "tocobaga" "tocological" "tocologist" "toda" "todd" "toddite" "toddle" "tode" "todea" "todidae" "toed" "toeless" "toellite" "toetoe" "toff" "toffee" "tofieldia" "toft" "toft" "toftstead" "toga" "togaed" "togata" "togate" "togated" "toggel" "toggle" "togless" "togs" "togt" "toil" "toiled" "toilet" "toileted" "toilette" "toiletted" "toilless" "toise" "toit" "told" "toldo" "tole" "toledo" "tolite" "toll" "tollable" "tollage" "tollgate" "tolt" "toltec" "toodle" "toodleloodle" "tool" "toolless" "toolslide" "toot" "tootle" "toss" "tossicated" "tost" "tosticate" "total" "tote" "toteload" "toto" "tottie" "tottle" "tsatlee" "tsessebe" "tsetse" "tsia" 
)
